case,algorithm,sdl_bytes,default_nodes,median_ns,field_checks,default_expansions,stored_edges,peak_default_depth
self_cycle,path,24,1,375,1,1,0,1
self_cycle,graph,24,1,459,1,1,1,1
finite,path,34,1,416,1,1,0,1
finite,graph,34,1,416,1,1,0,1
branch_8,path,369,16,225375,1498,1004,0,8
branch_8,graph,369,16,5125,30,16,28,8
branch_12,path,543,24,3094666,24522,16356,0,12
branch_12,graph,543,24,4792,46,24,44,12
branch_16,path,723,32,27593666,393146,262108,0,16
branch_16,graph,723,32,4292,62,32,60,16
branch_20,path,903,40,438094291,6291370,4194260,0,20
branch_20,graph,903,40,5250,78,40,76,20
chain_16,path,475,16,12084,136,136,0,16
chain_16,graph,475,16,1500,16,16,15,16
chain_64,path,1867,64,189833,2080,2080,0,64
chain_64,graph,1867,64,6042,64,64,63,64
chain_256,path,7747,256,3386916,32896,32896,0,256
chain_256,graph,7747,256,23916,256,256,255,256
dense_8,path,283,16,7584,136,80,0,2
dense_8,graph,283,16,2959,72,16,64,2
dense_32,path,999,64,100334,2080,1088,0,2
dense_32,graph,999,64,32000,1056,64,1024,2
dense_128,path,3935,256,1524417,32896,16640,0,2
dense_128,graph,3935,256,487375,16512,256,16384,2
dense_256,path,8031,512,5842500,131328,66048,0,2
dense_256,graph,8031,512,1850000,65792,512,65536,2
early_cycle_dense_256,path,8056,513,125,1,1,0,1
early_cycle_dense_256,graph,8056,513,1753250,65793,513,65537,1
